drug_id,country
DRUG_ID_0259,"{'COUNTRY_2E65', 'COUNTRY_0309', 'COUNTRY_89F9', 'COUNTRY_221C', 'COUNTRY_06E4', 'COUNTRY_5180', 'COUNTRY_1007', 'COUNTRY_4242', 'COUNTRY_6C16', 'COUNTRY_9891', 'COUNTRY_3AD0', 'COUNTRY_B6AE', 'COUNTRY_FA79', 'COUNTRY_D8B0', 'COUNTRY_D5B9', 'COUNTRY_6F78', 'COUNTRY_907E', 'COUNTRY_8DBB', 'COUNTRY_A67D', 'COUNTRY_4442', 'COUNTRY_4D48', 'COUNTRY_C8F4', 'COUNTRY_445D', 'COUNTRY_5FEB', 'COUNTRY_53A5', 'COUNTRY_84C8'}"
DRUG_ID_026E,{'COUNTRY_0C7D'}
DRUG_ID_032B,"{'COUNTRY_907E', 'COUNTRY_0309', 'COUNTRY_9891', 'COUNTRY_4253', 'COUNTRY_B6AE', 'COUNTRY_D8B0', 'COUNTRY_1007', 'COUNTRY_4242'}"
DRUG_ID_0383,"{'COUNTRY_9488', 'COUNTRY_0C7D', 'COUNTRY_6C16', 'COUNTRY_907E', 'COUNTRY_4253', 'COUNTRY_3AD0', 'COUNTRY_B6AE', 'COUNTRY_221C', 'COUNTRY_FA79', 'COUNTRY_4D48'}"
DRUG_ID_0424,{'COUNTRY_EA71'}
DRUG_ID_0476,"{'COUNTRY_9488', 'COUNTRY_907E', 'COUNTRY_4253', 'COUNTRY_8DBB', 'COUNTRY_5FEB', 'COUNTRY_FA79', 'COUNTRY_221C', 'COUNTRY_4442', 'COUNTRY_1007'}"
DRUG_ID_04FA,"{'COUNTRY_B835', 'COUNTRY_AE54', 'COUNTRY_5FEB', 'COUNTRY_4442', 'COUNTRY_E319', 'COUNTRY_84C8'}"
DRUG_ID_0512,"{'COUNTRY_B6AE', 'COUNTRY_B835', 'COUNTRY_221C'}"
DRUG_ID_07FE,"{'COUNTRY_0309', 'COUNTRY_89F9', 'COUNTRY_88A3', 'COUNTRY_221C', 'COUNTRY_06E4', 'COUNTRY_4242', 'COUNTRY_B835', 'COUNTRY_AE54', 'COUNTRY_EA71', 'COUNTRY_FA79', 'COUNTRY_6F78', 'COUNTRY_907E', 'COUNTRY_A67D', 'COUNTRY_4442', 'COUNTRY_9488', 'COUNTRY_4253', 'COUNTRY_C8F4', 'COUNTRY_445D', 'COUNTRY_53A5'}"
DRUG_ID_0B7B,{'COUNTRY_EA71'}
DRUG_ID_0C4E,"{'COUNTRY_3F0E', 'COUNTRY_5A54', 'COUNTRY_89F9', 'COUNTRY_88A3', 'COUNTRY_5180', 'COUNTRY_8B47', 'COUNTRY_1007', 'COUNTRY_6C16', 'COUNTRY_9891', 'COUNTRY_3AD0', 'COUNTRY_D8B0', 'COUNTRY_3536', 'COUNTRY_C89B', 'COUNTRY_A67D', 'COUNTRY_4D48', 'COUNTRY_9488', 'COUNTRY_C8F4', 'COUNTRY_445D', 'COUNTRY_1033', 'COUNTRY_53A5', 'COUNTRY_7D31'}"
DRUG_ID_0E7C,{'COUNTRY_4253'}
DRUG_ID_0F50,"{'COUNTRY_8DBB', 'COUNTRY_88A3'}"
DRUG_ID_1092,"{'COUNTRY_8DBB', 'COUNTRY_89F9', 'COUNTRY_1033', 'COUNTRY_3536', 'COUNTRY_8B47', 'COUNTRY_7D31'}"
DRUG_ID_116F,{'COUNTRY_53A5'}
DRUG_ID_1315,"{'COUNTRY_5A54', 'COUNTRY_89F9', 'COUNTRY_88A3', 'COUNTRY_5180', 'COUNTRY_6B71', 'COUNTRY_1007', 'COUNTRY_4242', 'COUNTRY_6C16', 'COUNTRY_B835', 'COUNTRY_AE54', 'COUNTRY_9891', 'COUNTRY_3AD0', 'COUNTRY_FA79', 'COUNTRY_D8B0', 'COUNTRY_907E', 'COUNTRY_A67D', 'COUNTRY_4442', 'COUNTRY_C8F4', 'COUNTRY_445D', 'COUNTRY_53A5'}"
DRUG_ID_149E,"{'COUNTRY_6C16', 'COUNTRY_907E', 'COUNTRY_3AD0', 'COUNTRY_8DBB', 'COUNTRY_445D', 'COUNTRY_06E4', 'COUNTRY_3536', 'COUNTRY_5180', 'COUNTRY_6B71', 'COUNTRY_4242'}"
DRUG_ID_16DB,"{'COUNTRY_907E', 'COUNTRY_3AD0'}"
DRUG_ID_16F3,"{'COUNTRY_0309', 'COUNTRY_89F9', 'COUNTRY_221C', 'COUNTRY_5180', 'COUNTRY_4242', 'COUNTRY_B835', 'COUNTRY_AE54', 'COUNTRY_9891', 'COUNTRY_EA71', 'COUNTRY_3AD0', 'COUNTRY_B6AE', 'COUNTRY_FA79', 'COUNTRY_C51E', 'COUNTRY_D8B0', 'COUNTRY_C89B', 'COUNTRY_907E', 'COUNTRY_8DBB', 'COUNTRY_A67D', 'COUNTRY_E319', 'COUNTRY_4D48', 'COUNTRY_9488', 'COUNTRY_4253', 'COUNTRY_C8F4', 'COUNTRY_445D', 'COUNTRY_5FEB', 'COUNTRY_53A5'}"
DRUG_ID_18F1,"{'COUNTRY_9488', 'COUNTRY_0C7D', 'COUNTRY_B835', 'COUNTRY_AE54', 'COUNTRY_E319', 'COUNTRY_B6AE', 'COUNTRY_8DBB', 'COUNTRY_5FEB', 'COUNTRY_C89B'}"
DRUG_ID_1A21,"{'COUNTRY_221C', 'COUNTRY_AE54', 'COUNTRY_5A54', 'COUNTRY_4647'}"
DRUG_ID_1A8A,"{'COUNTRY_D5B9', 'COUNTRY_6F78', 'COUNTRY_2E65', 'COUNTRY_4253', 'COUNTRY_3AD0', 'COUNTRY_89F9', 'COUNTRY_4242'}"
DRUG_ID_1B59,"{'COUNTRY_0C7D', 'COUNTRY_0309', 'COUNTRY_89F9', 'COUNTRY_88A3', 'COUNTRY_221C', 'COUNTRY_4242', 'COUNTRY_9891', 'COUNTRY_EA71', 'COUNTRY_3AD0', 'COUNTRY_B6AE', 'COUNTRY_FA79', 'COUNTRY_C51E', 'COUNTRY_D8B0', 'COUNTRY_907E', 'COUNTRY_8DBB', 'COUNTRY_4442', 'COUNTRY_E319', 'COUNTRY_4D48', 'COUNTRY_9488', 'COUNTRY_4253', 'COUNTRY_C8F4', 'COUNTRY_445D', 'COUNTRY_53A5'}"
DRUG_ID_1B64,"{'COUNTRY_D8B0', 'COUNTRY_53A5'}"
DRUG_ID_1C54,"{'COUNTRY_6F78', 'COUNTRY_B835', 'COUNTRY_D5B9', 'COUNTRY_0309', 'COUNTRY_9891', 'COUNTRY_4253', 'COUNTRY_3AD0', 'COUNTRY_89F9', 'COUNTRY_B6AE', 'COUNTRY_445D', 'COUNTRY_FA79', 'COUNTRY_5FEB', 'COUNTRY_53A5', 'COUNTRY_D8B0', 'COUNTRY_1007', 'COUNTRY_4242'}"
DRUG_ID_1D4E,"{'COUNTRY_2E65', 'COUNTRY_0309', 'COUNTRY_89F9', 'COUNTRY_88A3', 'COUNTRY_221C', 'COUNTRY_06E4', 'COUNTRY_5180', 'COUNTRY_4242', 'COUNTRY_6C16', 'COUNTRY_EA71', 'COUNTRY_3AD0', 'COUNTRY_B6AE', 'COUNTRY_FA79', 'COUNTRY_C51E', 'COUNTRY_D5B9', 'COUNTRY_6F78', 'COUNTRY_907E', 'COUNTRY_4D48', 'COUNTRY_9488', 'COUNTRY_C8F4', 'COUNTRY_445D', 'COUNTRY_5FEB', 'COUNTRY_53A5'}"
DRUG_ID_1E6E,"{'COUNTRY_D5B9', 'COUNTRY_6F78', 'COUNTRY_907E', 'COUNTRY_AE54', 'COUNTRY_3AD0', 'COUNTRY_4253', 'COUNTRY_89F9', 'COUNTRY_B6AE', 'COUNTRY_5FEB', 'COUNTRY_4442', 'COUNTRY_D8B0', 'COUNTRY_3536', 'COUNTRY_4242'}"
DRUG_ID_1E78,{'COUNTRY_8DBB'}
DRUG_ID_20C2,"{'COUNTRY_2E65', 'COUNTRY_3F0E', 'COUNTRY_5A54', 'COUNTRY_89F9', 'COUNTRY_5180', 'COUNTRY_6B71', 'COUNTRY_8B47', 'COUNTRY_458E', 'COUNTRY_9891', 'COUNTRY_EA71', 'COUNTRY_3AD0', 'COUNTRY_FA79', 'COUNTRY_D8B0', 'COUNTRY_3536', 'COUNTRY_907E', 'COUNTRY_A67D', 'COUNTRY_4D48', 'COUNTRY_4253', 'COUNTRY_445D', 'COUNTRY_1033', 'COUNTRY_7D31'}"
DRUG_ID_2318,"{'COUNTRY_9488', 'COUNTRY_6F78', 'COUNTRY_907E', 'COUNTRY_0309', 'COUNTRY_9891', 'COUNTRY_3AD0', 'COUNTRY_89F9', 'COUNTRY_A67D', 'COUNTRY_06E4', 'COUNTRY_53A5', 'COUNTRY_D8B0', 'COUNTRY_4242'}"
DRUG_ID_2331,"{'COUNTRY_0309', 'COUNTRY_9891', 'COUNTRY_89F9', 'COUNTRY_C8F4', 'COUNTRY_A67D', 'COUNTRY_4242', 'COUNTRY_4D48'}"
DRUG_ID_23D7,"{'COUNTRY_D5B9', 'COUNTRY_6F78', 'COUNTRY_907E', 'COUNTRY_9891', 'COUNTRY_3AD0', 'COUNTRY_89F9', 'COUNTRY_445D', 'COUNTRY_4442', 'COUNTRY_06E4', 'COUNTRY_53A5', 'COUNTRY_D8B0', 'COUNTRY_4242'}"
DRUG_ID_24A2,"{'COUNTRY_9488', 'COUNTRY_6F78', 'COUNTRY_EF33', 'COUNTRY_EA71', 'COUNTRY_89F9', 'COUNTRY_C8F4', 'COUNTRY_445D', 'COUNTRY_221C', 'COUNTRY_4442', 'COUNTRY_1033', 'COUNTRY_C89B', 'COUNTRY_3536', 'COUNTRY_5180', 'COUNTRY_8B47', 'COUNTRY_4D48'}"
DRUG_ID_25C4,{'COUNTRY_B835'}
DRUG_ID_25F1,"{'COUNTRY_9488', 'COUNTRY_6F78', 'COUNTRY_907E', 'COUNTRY_EA71', 'COUNTRY_3AD0', 'COUNTRY_4253', 'COUNTRY_89F9', 'COUNTRY_5FEB', 'COUNTRY_4442', 'COUNTRY_E319', 'COUNTRY_5180', 'COUNTRY_6B71', 'COUNTRY_1007', 'COUNTRY_4242', 'COUNTRY_4D48'}"
DRUG_ID_2757,"{'COUNTRY_6C16', 'COUNTRY_D5B9', 'COUNTRY_6F78', 'COUNTRY_907E', 'COUNTRY_0309', 'COUNTRY_9891', 'COUNTRY_4253', 'COUNTRY_89F9', 'COUNTRY_C8F4', 'COUNTRY_88A3', 'COUNTRY_8DBB', 'COUNTRY_D8B0', 'COUNTRY_6B71', 'COUNTRY_1007', 'COUNTRY_4242'}"
DRUG_ID_2832,"{'COUNTRY_0C7D', 'COUNTRY_0309', 'COUNTRY_89F9', 'COUNTRY_221C', 'COUNTRY_06E4', 'COUNTRY_5180', 'COUNTRY_1007', 'COUNTRY_9891', 'COUNTRY_EA71', 'COUNTRY_3AD0', 'COUNTRY_B6AE', 'COUNTRY_C51E', 'COUNTRY_D8B0', 'COUNTRY_6F78', 'COUNTRY_907E', 'COUNTRY_8DBB', 'COUNTRY_A67D', 'COUNTRY_4442', 'COUNTRY_E319', 'COUNTRY_4D48', 'COUNTRY_9488', 'COUNTRY_4253', 'COUNTRY_445D', 'COUNTRY_53A5'}"
DRUG_ID_2958,"{'COUNTRY_D5B9', 'COUNTRY_907E', 'COUNTRY_EA71', 'COUNTRY_3AD0', 'COUNTRY_C8F4', 'COUNTRY_445D', 'COUNTRY_06E4', 'COUNTRY_1007', 'COUNTRY_4242'}"
DRUG_ID_2A56,"{'COUNTRY_907E', 'COUNTRY_EA71', 'COUNTRY_221C', 'COUNTRY_5180', 'COUNTRY_4242'}"
DRUG_ID_2D67,"{'COUNTRY_D5B9', 'COUNTRY_6F78', 'COUNTRY_907E', 'COUNTRY_4253', 'COUNTRY_89F9', 'COUNTRY_C8F4', 'COUNTRY_FA79', 'COUNTRY_221C', 'COUNTRY_1007', 'COUNTRY_4D48'}"
DRUG_ID_2D81,"{'COUNTRY_907E', 'COUNTRY_0309', 'COUNTRY_9891', 'COUNTRY_EA71', 'COUNTRY_3AD0', 'COUNTRY_89F9', 'COUNTRY_445D', 'COUNTRY_A67D', 'COUNTRY_221C', 'COUNTRY_06E4', 'COUNTRY_53A5', 'COUNTRY_1007', 'COUNTRY_4242'}"
DRUG_ID_2F40,"{'COUNTRY_0309', 'COUNTRY_89F9', 'COUNTRY_88A3', 'COUNTRY_221C', 'COUNTRY_06E4', 'COUNTRY_4242', 'COUNTRY_6C16', 'COUNTRY_B835', 'COUNTRY_9891', 'COUNTRY_3AD0', 'COUNTRY_B6AE', 'COUNTRY_FA79', 'COUNTRY_C51E', 'COUNTRY_D8B0', 'COUNTRY_6F78', 'COUNTRY_D5B9', 'COUNTRY_907E', 'COUNTRY_8DBB', 'COUNTRY_A67D', 'COUNTRY_4442', 'COUNTRY_C8F4', 'COUNTRY_445D', 'COUNTRY_53A5'}"
DRUG_ID_2F7D,"{'COUNTRY_5A54', 'COUNTRY_EA71'}"
DRUG_ID_300E,"{'COUNTRY_B835', 'COUNTRY_B6AE', 'COUNTRY_5FEB', 'COUNTRY_221C', 'COUNTRY_3536'}"
DRUG_ID_30F8,"{'COUNTRY_2E65', 'COUNTRY_0309', 'COUNTRY_89F9', 'COUNTRY_88A3', 'COUNTRY_221C', 'COUNTRY_06E4', 'COUNTRY_5180', 'COUNTRY_6B71', 'COUNTRY_1007', 'COUNTRY_4242', 'COUNTRY_6C16', 'COUNTRY_B835', 'COUNTRY_AE54', 'COUNTRY_EF33', 'COUNTRY_9891', 'COUNTRY_3AD0', 'COUNTRY_B6AE', 'COUNTRY_FA79', 'COUNTRY_C51E', 'COUNTRY_D8B0', 'COUNTRY_3536', 'COUNTRY_D5B9', 'COUNTRY_6F78', 'COUNTRY_907E', 'COUNTRY_8DBB', 'COUNTRY_4442', 'COUNTRY_4D48', 'COUNTRY_9488', 'COUNTRY_4253', 'COUNTRY_445D', 'COUNTRY_53A5', 'COUNTRY_84C8'}"
DRUG_ID_318B,"{'COUNTRY_6F78', 'COUNTRY_EA71', 'COUNTRY_B6AE', 'COUNTRY_FA79', 'COUNTRY_5180', 'COUNTRY_6B71', 'COUNTRY_1007', 'COUNTRY_4D48'}"
DRUG_ID_3210,"{'COUNTRY_6C16', 'COUNTRY_9488', 'COUNTRY_458E', 'COUNTRY_F78A', 'COUNTRY_0309', 'COUNTRY_3F0E', 'COUNTRY_C8F4', 'COUNTRY_445D', 'COUNTRY_FA79', 'COUNTRY_4442', 'COUNTRY_1033', 'COUNTRY_C51E', 'COUNTRY_8B47'}"
DRUG_ID_32F5,"{'COUNTRY_B835', 'COUNTRY_B6AE', 'COUNTRY_445D', 'COUNTRY_221C', 'COUNTRY_C51E', 'COUNTRY_53A5'}"
DRUG_ID_3393,"{'COUNTRY_89F9', 'COUNTRY_D8B0'}"
DRUG_ID_3416,"{'COUNTRY_0C7D', 'COUNTRY_0309', 'COUNTRY_3F0E', 'COUNTRY_89F9', 'COUNTRY_06E4', 'COUNTRY_5180', 'COUNTRY_6B71', 'COUNTRY_1007', 'COUNTRY_8B47', 'COUNTRY_6C16', 'COUNTRY_458E', 'COUNTRY_AE54', 'COUNTRY_EF33', 'COUNTRY_9891', 'COUNTRY_3AD0', 'COUNTRY_FA79', 'COUNTRY_D8B0', 'COUNTRY_3536', 'COUNTRY_6F78', 'COUNTRY_D5B9', 'COUNTRY_907E', 'COUNTRY_4442', 'COUNTRY_4D48', 'COUNTRY_9488', 'COUNTRY_4253', 'COUNTRY_445D', 'COUNTRY_5FEB', 'COUNTRY_1033', 'COUNTRY_53A5'}"
DRUG_ID_36C6,"{'COUNTRY_9488', 'COUNTRY_6C16', 'COUNTRY_D5B9', 'COUNTRY_6F78', 'COUNTRY_907E', 'COUNTRY_0309', 'COUNTRY_8DBB', 'COUNTRY_B6AE', 'COUNTRY_445D', 'COUNTRY_FA79', 'COUNTRY_53A5', 'COUNTRY_D8B0', 'COUNTRY_E319', 'COUNTRY_C89B', 'COUNTRY_1007', 'COUNTRY_4242'}"
DRUG_ID_372D,"{'COUNTRY_6C16', 'COUNTRY_6F78', 'COUNTRY_9891', 'COUNTRY_EA71', 'COUNTRY_3AD0', 'COUNTRY_B6AE', 'COUNTRY_C8F4', 'COUNTRY_445D', 'COUNTRY_221C', 'COUNTRY_53A5', 'COUNTRY_D8B0', 'COUNTRY_6B71', 'COUNTRY_1007', 'COUNTRY_4D48'}"
DRUG_ID_37BB,"{'COUNTRY_6C16', 'COUNTRY_D5B9', 'COUNTRY_6F78', 'COUNTRY_907E', 'COUNTRY_0309', 'COUNTRY_9891', 'COUNTRY_3AD0', 'COUNTRY_89F9', 'COUNTRY_C8F4', 'COUNTRY_445D', 'COUNTRY_B6AE', 'COUNTRY_8DBB', 'COUNTRY_06E4', 'COUNTRY_FA79', 'COUNTRY_53A5', 'COUNTRY_D8B0', 'COUNTRY_4242'}"
DRUG_ID_37C9,"{'COUNTRY_0309', 'COUNTRY_89F9', 'COUNTRY_5180', 'COUNTRY_1007', 'COUNTRY_9891', 'COUNTRY_EA71', 'COUNTRY_3AD0', 'COUNTRY_B6AE', 'COUNTRY_FA79', 'COUNTRY_C51E', 'COUNTRY_D8B0', 'COUNTRY_D5B9', 'COUNTRY_6F78', 'COUNTRY_907E', 'COUNTRY_8DBB', 'COUNTRY_4442', 'COUNTRY_9488', 'COUNTRY_5FEB', 'COUNTRY_84C8'}"
DRUG_ID_3886,"{'COUNTRY_6C16', 'COUNTRY_D5B9', 'COUNTRY_B835', 'COUNTRY_0309', 'COUNTRY_EF33', 'COUNTRY_9891', 'COUNTRY_3AD0', 'COUNTRY_4253', 'COUNTRY_B6AE', 'COUNTRY_445D', 'COUNTRY_FA79', 'COUNTRY_06E4', 'COUNTRY_53A5', 'COUNTRY_5180', 'COUNTRY_6B71', 'COUNTRY_4242'}"
DRUG_ID_3A38,"{'COUNTRY_D5B9', 'COUNTRY_6F78', 'COUNTRY_4242', 'COUNTRY_53A5'}"
DRUG_ID_3A6F,"{'COUNTRY_77DA', 'COUNTRY_0C7D', 'COUNTRY_0309', 'COUNTRY_3F0E', 'COUNTRY_5A54', 'COUNTRY_89F9', 'COUNTRY_88A3', 'COUNTRY_221C', 'COUNTRY_06E4', 'COUNTRY_6B71', 'COUNTRY_8B47', 'COUNTRY_1007', 'COUNTRY_4242', 'COUNTRY_6C16', 'COUNTRY_B835', 'COUNTRY_AE54', 'COUNTRY_EF33', 'COUNTRY_9891', 'COUNTRY_EA71', 'COUNTRY_3AD0', 'COUNTRY_B6AE', 'COUNTRY_FA79', 'COUNTRY_D8B0', 'COUNTRY_3536', 'COUNTRY_C89B', 'COUNTRY_6F78', 'COUNTRY_D5B9', 'COUNTRY_907E', 'COUNTRY_8DBB', 'COUNTRY_A67D', 'COUNTRY_4442', 'COUNTRY_4D48', 'COUNTRY_9488', 'COUNTRY_C8F4', 'COUNTRY_445D', 'COUNTRY_1033', 'COUNTRY_4D5D', 'COUNTRY_84C8', 'COUNTRY_7D31'}"
DRUG_ID_3AF2,"{'COUNTRY_B6AE', 'COUNTRY_8DBB', 'COUNTRY_4253'}"
DRUG_ID_3EDB,"{'COUNTRY_D8B0', 'COUNTRY_89F9', 'COUNTRY_53A5'}"
DRUG_ID_3F2A,"{'COUNTRY_9488', 'COUNTRY_0C7D', 'COUNTRY_6F78', 'COUNTRY_D5B9', 'COUNTRY_907E', 'COUNTRY_3AD0', 'COUNTRY_89F9', 'COUNTRY_88A3', 'COUNTRY_5FEB', 'COUNTRY_06E4', 'COUNTRY_D8B0', 'COUNTRY_5180', 'COUNTRY_1007', 'COUNTRY_4242'}"
DRUG_ID_4024,"{'COUNTRY_6F78', 'COUNTRY_9891', 'COUNTRY_3AD0', 'COUNTRY_89F9', 'COUNTRY_C8F4', 'COUNTRY_445D', 'COUNTRY_B6AE', 'COUNTRY_4442', 'COUNTRY_88A3', 'COUNTRY_53A5', 'COUNTRY_D8B0'}"
DRUG_ID_4450,"{'COUNTRY_5FEB', 'COUNTRY_221C'}"
DRUG_ID_45AB,"{'COUNTRY_0C7D', 'COUNTRY_0309', 'COUNTRY_89F9', 'COUNTRY_221C', 'COUNTRY_06E4', 'COUNTRY_5180', 'COUNTRY_4242', 'COUNTRY_AE54', 'COUNTRY_9891', 'COUNTRY_3AD0', 'COUNTRY_B6AE', 'COUNTRY_FA79', 'COUNTRY_D8B0', 'COUNTRY_C89B', 'COUNTRY_D5B9', 'COUNTRY_6F78', 'COUNTRY_907E', 'COUNTRY_8DBB', 'COUNTRY_4442', 'COUNTRY_9488', 'COUNTRY_4253', 'COUNTRY_445D', 'COUNTRY_5FEB', 'COUNTRY_53A5'}"
DRUG_ID_45DC,"{'COUNTRY_D5B9', 'COUNTRY_6F78', 'COUNTRY_907E', 'COUNTRY_9891', 'COUNTRY_EA71', 'COUNTRY_3AD0', 'COUNTRY_5FEB', 'COUNTRY_FA79', 'COUNTRY_06E4', 'COUNTRY_5180', 'COUNTRY_6B71', 'COUNTRY_4242', 'COUNTRY_4D48'}"
DRUG_ID_4645,"{'COUNTRY_B835', 'COUNTRY_AE54', 'COUNTRY_3AD0', 'COUNTRY_B6AE', 'COUNTRY_8DBB', 'COUNTRY_E319', 'COUNTRY_84C8'}"
DRUG_ID_4730,"{'COUNTRY_89F9', 'COUNTRY_88A3', 'COUNTRY_221C', 'COUNTRY_5180', 'COUNTRY_8B47', 'COUNTRY_6B71', 'COUNTRY_1007', 'COUNTRY_6C16', 'COUNTRY_AE54', 'COUNTRY_EF33', 'COUNTRY_EA71', 'COUNTRY_3AD0', 'COUNTRY_3536', 'COUNTRY_C89B', 'COUNTRY_907E', 'COUNTRY_8DBB', 'COUNTRY_A67D', 'COUNTRY_4D48', 'COUNTRY_9488', 'COUNTRY_4253', 'COUNTRY_C8F4', 'COUNTRY_1033', 'COUNTRY_53A5', 'COUNTRY_7D31'}"
DRUG_ID_473B,"{'COUNTRY_0C7D', 'COUNTRY_2E65', 'COUNTRY_0309', 'COUNTRY_89F9', 'COUNTRY_221C', 'COUNTRY_06E4', 'COUNTRY_4242', 'COUNTRY_6C16', 'COUNTRY_B835', 'COUNTRY_AE54', 'COUNTRY_EF33', 'COUNTRY_9891', 'COUNTRY_EA71', 'COUNTRY_3AD0', 'COUNTRY_B6AE', 'COUNTRY_FA79', 'COUNTRY_D8B0', 'COUNTRY_3536', 'COUNTRY_D5B9', 'COUNTRY_6F78', 'COUNTRY_907E', 'COUNTRY_8DBB', 'COUNTRY_4442', 'COUNTRY_E319', 'COUNTRY_4D48', 'COUNTRY_4253', 'COUNTRY_445D', 'COUNTRY_53A5', 'COUNTRY_84C8'}"
DRUG_ID_47B7,"{'COUNTRY_0C7D', 'COUNTRY_2E65', 'COUNTRY_0309', 'COUNTRY_89F9', 'COUNTRY_88A3', 'COUNTRY_06E4', 'COUNTRY_5180', 'COUNTRY_6B71', 'COUNTRY_1007', 'COUNTRY_4242', 'COUNTRY_6C16', 'COUNTRY_B835', 'COUNTRY_AE54', 'COUNTRY_EF33', 'COUNTRY_3AD0', 'COUNTRY_B6AE', 'COUNTRY_FA79', 'COUNTRY_3536', 'COUNTRY_C89B', 'COUNTRY_D5B9', 'COUNTRY_907E', 'COUNTRY_E319', 'COUNTRY_4D48', 'COUNTRY_9488', 'COUNTRY_4253', 'COUNTRY_5FEB', 'COUNTRY_445D', 'COUNTRY_84C8'}"
DRUG_ID_482D,"{'COUNTRY_B835', 'COUNTRY_EF33', 'COUNTRY_221C', 'COUNTRY_C51E', 'COUNTRY_E319', 'COUNTRY_84C8', 'COUNTRY_4D48'}"
DRUG_ID_4AD9,"{'COUNTRY_B6AE', 'COUNTRY_445D', 'COUNTRY_3AD0', 'COUNTRY_4D48'}"
DRUG_ID_4BB7,{'COUNTRY_4D48'}
DRUG_ID_4C1D,"{'COUNTRY_907E', 'COUNTRY_AE54', 'COUNTRY_4253', 'COUNTRY_B6AE', 'COUNTRY_88A3', 'COUNTRY_5FEB', 'COUNTRY_4442', 'COUNTRY_5180'}"
DRUG_ID_4C4E,{'COUNTRY_445D'}
DRUG_ID_4DB9,{'COUNTRY_53A5'}
DRUG_ID_4DF9,"{'COUNTRY_9488', 'COUNTRY_0C7D', 'COUNTRY_6F78', 'COUNTRY_D5B9', 'COUNTRY_907E', 'COUNTRY_0309', 'COUNTRY_89F9', 'COUNTRY_C8F4', 'COUNTRY_88A3', 'COUNTRY_A67D', 'COUNTRY_8DBB', 'COUNTRY_445D', 'COUNTRY_B6AE', 'COUNTRY_C51E', 'COUNTRY_221C', 'COUNTRY_5180', 'COUNTRY_6B71', 'COUNTRY_1007'}"
DRUG_ID_4FAE,"{'COUNTRY_5FEB', 'COUNTRY_4D48', 'COUNTRY_53A5'}"
DRUG_ID_4FD2,{'COUNTRY_C89B'}
DRUG_ID_503F,{'COUNTRY_AE54'}
DRUG_ID_516C,"{'COUNTRY_3536', 'COUNTRY_4D48', 'COUNTRY_53A5'}"
DRUG_ID_51B3,"{'COUNTRY_AE54', 'COUNTRY_53A5'}"
DRUG_ID_52A5,"{'COUNTRY_2E65', 'COUNTRY_0309', 'COUNTRY_89F9', 'COUNTRY_88A3', 'COUNTRY_5180', 'COUNTRY_6B71', 'COUNTRY_4242', 'COUNTRY_6C16', 'COUNTRY_AE54', 'COUNTRY_9891', 'COUNTRY_3AD0', 'COUNTRY_B6AE', 'COUNTRY_D8B0', 'COUNTRY_C89B', 'COUNTRY_3536', 'COUNTRY_D5B9', 'COUNTRY_6F78', 'COUNTRY_907E', 'COUNTRY_8DBB', 'COUNTRY_4253', 'COUNTRY_C8F4', 'COUNTRY_53A5'}"
DRUG_ID_535C,"{'COUNTRY_1007', 'COUNTRY_907E'}"
DRUG_ID_5417,"{'COUNTRY_0309', 'COUNTRY_89F9', 'COUNTRY_88A3', 'COUNTRY_221C', 'COUNTRY_6B71', 'COUNTRY_1007', 'COUNTRY_4242', 'COUNTRY_B835', 'COUNTRY_AE54', 'COUNTRY_EA71', 'COUNTRY_B6AE', 'COUNTRY_FA79', 'COUNTRY_C89B', 'COUNTRY_6F78', 'COUNTRY_907E', 'COUNTRY_A67D', 'COUNTRY_9488', 'COUNTRY_4253', 'COUNTRY_445D'}"
DRUG_ID_5496,"{'COUNTRY_3F0E', 'COUNTRY_FA79', 'COUNTRY_C51E', 'COUNTRY_8B47', 'COUNTRY_4D48'}"
DRUG_ID_556A,{'COUNTRY_53A5'}
DRUG_ID_5657,"{'COUNTRY_0C7D', 'COUNTRY_D5B9', 'COUNTRY_2E65', 'COUNTRY_6F78', 'COUNTRY_EA71', 'COUNTRY_4253', 'COUNTRY_89F9', 'COUNTRY_8DBB', 'COUNTRY_445D', 'COUNTRY_A67D', 'COUNTRY_5FEB', 'COUNTRY_88A3', 'COUNTRY_221C', 'COUNTRY_53A5', 'COUNTRY_4442', 'COUNTRY_E319', 'COUNTRY_C89B'}"
DRUG_ID_5AC0,{'COUNTRY_53A5'}
DRUG_ID_5C33,{'COUNTRY_0C7D'}
DRUG_ID_5E6D,{'COUNTRY_84C8'}
DRUG_ID_6087,"{'COUNTRY_907E', 'COUNTRY_9891', 'COUNTRY_3AD0', 'COUNTRY_4253', 'COUNTRY_445D', 'COUNTRY_A67D', 'COUNTRY_5FEB'}"
DRUG_ID_645E,"{'COUNTRY_89F9', 'COUNTRY_88A3', 'COUNTRY_221C', 'COUNTRY_06E4', 'COUNTRY_1007', 'COUNTRY_4242', 'COUNTRY_9891', 'COUNTRY_EA71', 'COUNTRY_3AD0', 'COUNTRY_FA79', 'COUNTRY_C51E', 'COUNTRY_6F78', 'COUNTRY_907E', 'COUNTRY_8DBB', 'COUNTRY_A67D', 'COUNTRY_4442', 'COUNTRY_C8F4', 'COUNTRY_5FEB', 'COUNTRY_53A5'}"
DRUG_ID_6705,{'COUNTRY_B6AE'}
DRUG_ID_6CD0,{'COUNTRY_53A5'}
DRUG_ID_6CE8,"{'COUNTRY_6C16', 'COUNTRY_0309', 'COUNTRY_EA71', 'COUNTRY_3AD0', 'COUNTRY_89F9', 'COUNTRY_53A5', 'COUNTRY_D8B0', 'COUNTRY_1007', 'COUNTRY_4242'}"
DRUG_ID_7129,"{'COUNTRY_907E', 'COUNTRY_9891', 'COUNTRY_EA71', 'COUNTRY_D8B0', 'COUNTRY_1007'}"
DRUG_ID_714D,"{'COUNTRY_D8B0', 'COUNTRY_907E', 'COUNTRY_3AD0'}"
DRUG_ID_71A8,"{'COUNTRY_0309', 'COUNTRY_89F9', 'COUNTRY_88A3', 'COUNTRY_221C', 'COUNTRY_1007', 'COUNTRY_4242', 'COUNTRY_AE54', 'COUNTRY_9891', 'COUNTRY_EA71', 'COUNTRY_3AD0', 'COUNTRY_B6AE', 'COUNTRY_FA79', 'COUNTRY_C51E', 'COUNTRY_D8B0', 'COUNTRY_D5B9', 'COUNTRY_907E', 'COUNTRY_8DBB', 'COUNTRY_A67D', 'COUNTRY_4D48', 'COUNTRY_9488', 'COUNTRY_4253', 'COUNTRY_C8F4', 'COUNTRY_445D', 'COUNTRY_5FEB', 'COUNTRY_53A5'}"
DRUG_ID_7357,"{'COUNTRY_88A3', 'COUNTRY_5FEB', 'COUNTRY_221C'}"
DRUG_ID_7410,{'COUNTRY_8DBB'}
DRUG_ID_7454,"{'COUNTRY_6F78', 'COUNTRY_D5B9', 'COUNTRY_907E', 'COUNTRY_0309', 'COUNTRY_9891', 'COUNTRY_3AD0', 'COUNTRY_4253', 'COUNTRY_B6AE', 'COUNTRY_C8F4', 'COUNTRY_445D', 'COUNTRY_A67D', 'COUNTRY_FA79', 'COUNTRY_221C', 'COUNTRY_89F9', 'COUNTRY_C51E', 'COUNTRY_D8B0', 'COUNTRY_1007'}"
DRUG_ID_74A6,"{'COUNTRY_D5B9', 'COUNTRY_6F78', 'COUNTRY_9891', 'COUNTRY_89F9', 'COUNTRY_C8F4', 'COUNTRY_D8B0', 'COUNTRY_5180'}"
DRUG_ID_74AA,"{'COUNTRY_0C7D', 'COUNTRY_4253', 'COUNTRY_FA79', 'COUNTRY_4442', 'COUNTRY_E319', 'COUNTRY_C89B', 'COUNTRY_4D48'}"
DRUG_ID_7773,"{'COUNTRY_9488', 'COUNTRY_0C7D', 'COUNTRY_7D31', 'COUNTRY_AE54', 'COUNTRY_EF33', 'COUNTRY_EA71', 'COUNTRY_4253', 'COUNTRY_8DBB', 'COUNTRY_C89B', 'COUNTRY_1033', 'COUNTRY_C51E', 'COUNTRY_53A5', 'COUNTRY_3536', 'COUNTRY_8B47', 'COUNTRY_4D48'}"
DRUG_ID_7827,"{'COUNTRY_6C16', 'COUNTRY_2E65', 'COUNTRY_6F78', 'COUNTRY_458E', 'COUNTRY_0309', 'COUNTRY_3F0E', 'COUNTRY_EA71', 'COUNTRY_445D', 'COUNTRY_221C', 'COUNTRY_A67D', 'COUNTRY_E319', 'COUNTRY_6B71'}"
DRUG_ID_789C,"{'COUNTRY_8DBB', 'COUNTRY_0C7D', 'COUNTRY_2E65', 'COUNTRY_D8B0'}"
DRUG_ID_79D8,"{'COUNTRY_907E', 'COUNTRY_0309', 'COUNTRY_9891', 'COUNTRY_EA71', 'COUNTRY_89F9', 'COUNTRY_5FEB', 'COUNTRY_D8B0', 'COUNTRY_1007'}"
DRUG_ID_7A63,"{'COUNTRY_B835', 'COUNTRY_D5B9', 'COUNTRY_2E65', 'COUNTRY_6F78', 'COUNTRY_3AD0', 'COUNTRY_8DBB', 'COUNTRY_445D', 'COUNTRY_4442', 'COUNTRY_53A5', 'COUNTRY_4242'}"
DRUG_ID_7C07,{'COUNTRY_1007'}
DRUG_ID_7C18,"{'COUNTRY_6F78', 'COUNTRY_D5B9', 'COUNTRY_907E', 'COUNTRY_9891', 'COUNTRY_3AD0', 'COUNTRY_8DBB', 'COUNTRY_C8F4', 'COUNTRY_89F9', 'COUNTRY_221C', 'COUNTRY_FA79', 'COUNTRY_5FEB', 'COUNTRY_445D', 'COUNTRY_53A5', 'COUNTRY_D8B0', 'COUNTRY_4442', 'COUNTRY_4242'}"
DRUG_ID_7C92,"{'COUNTRY_B6AE', 'COUNTRY_5FEB', 'COUNTRY_B835', 'COUNTRY_84C8'}"
DRUG_ID_7D43,"{'COUNTRY_6F78', 'COUNTRY_D5B9', 'COUNTRY_907E', 'COUNTRY_0309', 'COUNTRY_9891', 'COUNTRY_EA71', 'COUNTRY_89F9', 'COUNTRY_C8F4', 'COUNTRY_FA79', 'COUNTRY_06E4', 'COUNTRY_53A5', 'COUNTRY_D8B0', 'COUNTRY_1007', 'COUNTRY_4242'}"
DRUG_ID_7D8C,"{'COUNTRY_0C7D', 'COUNTRY_0309', 'COUNTRY_89F9', 'COUNTRY_221C', 'COUNTRY_06E4', 'COUNTRY_4242', 'COUNTRY_B835', 'COUNTRY_AE54', 'COUNTRY_9891', 'COUNTRY_EA71', 'COUNTRY_3AD0', 'COUNTRY_B6AE', 'COUNTRY_FA79', 'COUNTRY_D8B0', 'COUNTRY_D5B9', 'COUNTRY_6F78', 'COUNTRY_907E', 'COUNTRY_8DBB', 'COUNTRY_A67D', 'COUNTRY_4442', 'COUNTRY_9488', 'COUNTRY_4253', 'COUNTRY_C8F4', 'COUNTRY_445D', 'COUNTRY_53A5'}"
DRUG_ID_7DA2,"{'COUNTRY_9488', 'COUNTRY_0C7D', 'COUNTRY_D5B9', 'COUNTRY_907E', 'COUNTRY_0309', 'COUNTRY_9891', 'COUNTRY_EA71', 'COUNTRY_4253', 'COUNTRY_B6AE', 'COUNTRY_445D', 'COUNTRY_FA79', 'COUNTRY_5FEB', 'COUNTRY_06E4', 'COUNTRY_D8B0', 'COUNTRY_4242', 'COUNTRY_4D48'}"
DRUG_ID_7DCA,"{'COUNTRY_6F78', 'COUNTRY_0309', 'COUNTRY_3AD0', 'COUNTRY_4253', 'COUNTRY_8DBB', 'COUNTRY_89F9', 'COUNTRY_221C', 'COUNTRY_53A5', 'COUNTRY_D8B0', 'COUNTRY_1007'}"
DRUG_ID_7E51,"{'COUNTRY_9488', 'COUNTRY_6F78', 'COUNTRY_D5B9', 'COUNTRY_907E', 'COUNTRY_2E65', 'COUNTRY_9891', 'COUNTRY_4253', 'COUNTRY_89F9', 'COUNTRY_221C', 'COUNTRY_4442', 'COUNTRY_C89B', 'COUNTRY_1007', 'COUNTRY_84C8', 'COUNTRY_7D31'}"
DRUG_ID_7F22,"{'COUNTRY_1033', 'COUNTRY_C51E'}"
DRUG_ID_8181,"{'COUNTRY_9488', 'COUNTRY_D5B9', 'COUNTRY_907E', 'COUNTRY_0309', 'COUNTRY_EA71', 'COUNTRY_3AD0', 'COUNTRY_5FEB', 'COUNTRY_06E4'}"
DRUG_ID_8307,{'COUNTRY_D5B9'}
DRUG_ID_83FC,{'COUNTRY_D8B0'}
DRUG_ID_8656,"{'COUNTRY_6C16', 'COUNTRY_D5B9', 'COUNTRY_907E', 'COUNTRY_9891', 'COUNTRY_3AD0', 'COUNTRY_89F9', 'COUNTRY_D8B0', 'COUNTRY_1007', 'COUNTRY_4242'}"
DRUG_ID_877B,"{'COUNTRY_6C16', 'COUNTRY_2E65', 'COUNTRY_6F78', 'COUNTRY_4253', 'COUNTRY_B6AE', 'COUNTRY_445D', 'COUNTRY_4442', 'COUNTRY_3536', 'COUNTRY_6B71', 'COUNTRY_1007', 'COUNTRY_84C8'}"
DRUG_ID_8795,"{'COUNTRY_6C16', 'COUNTRY_6F78', 'COUNTRY_B835', 'COUNTRY_907E', 'COUNTRY_0309', 'COUNTRY_9891', 'COUNTRY_EA71', 'COUNTRY_3AD0', 'COUNTRY_89F9', 'COUNTRY_88A3', 'COUNTRY_B6AE', 'COUNTRY_4442', 'COUNTRY_53A5', 'COUNTRY_E319', 'COUNTRY_5180', 'COUNTRY_1007', 'COUNTRY_4D48'}"
DRUG_ID_883A,"{'COUNTRY_6C16', 'COUNTRY_907E', 'COUNTRY_9891', 'COUNTRY_88A3', 'COUNTRY_FA79', 'COUNTRY_6B71'}"
DRUG_ID_88B1,"{'COUNTRY_B6AE', 'COUNTRY_B835', 'COUNTRY_221C'}"
DRUG_ID_8AB0,"{'COUNTRY_0309', 'COUNTRY_88A3', 'COUNTRY_06E4', 'COUNTRY_1007', 'COUNTRY_4242', 'COUNTRY_6C16', 'COUNTRY_9891', 'COUNTRY_3AD0', 'COUNTRY_B6AE', 'COUNTRY_FA79', 'COUNTRY_D8B0', 'COUNTRY_907E', 'COUNTRY_8DBB', 'COUNTRY_A67D', 'COUNTRY_4442', 'COUNTRY_4253', 'COUNTRY_C8F4', 'COUNTRY_445D', 'COUNTRY_5FEB', 'COUNTRY_53A5'}"
DRUG_ID_8AD6,"{'COUNTRY_B6AE', 'COUNTRY_E319', 'COUNTRY_5FEB', 'COUNTRY_221C'}"
DRUG_ID_8B51,"{'COUNTRY_1007', 'COUNTRY_EA71'}"
DRUG_ID_8C97,"{'COUNTRY_907E', 'COUNTRY_3AD0', 'COUNTRY_89F9', 'COUNTRY_445D', 'COUNTRY_5FEB', 'COUNTRY_5180', 'COUNTRY_4242'}"
DRUG_ID_92F4,"{'COUNTRY_6F78', 'COUNTRY_2E65', 'COUNTRY_D5B9', 'COUNTRY_907E', 'COUNTRY_EF33', 'COUNTRY_3AD0', 'COUNTRY_B6AE', 'COUNTRY_89F9', 'COUNTRY_221C', 'COUNTRY_53A5', 'COUNTRY_D8B0', 'COUNTRY_3536', 'COUNTRY_6B71', 'COUNTRY_1007', 'COUNTRY_84C8', 'COUNTRY_4242'}"
DRUG_ID_92F5,"{'COUNTRY_907E', 'COUNTRY_0309', 'COUNTRY_9891', 'COUNTRY_EA71', 'COUNTRY_3AD0', 'COUNTRY_4253', 'COUNTRY_89F9', 'COUNTRY_8DBB', 'COUNTRY_88A3', 'COUNTRY_445D', 'COUNTRY_5FEB', 'COUNTRY_06E4', 'COUNTRY_221C', 'COUNTRY_53A5', 'COUNTRY_D8B0', 'COUNTRY_5180', 'COUNTRY_4242', 'COUNTRY_4D48'}"
DRUG_ID_933E,"{'COUNTRY_6C16', 'COUNTRY_0C7D', 'COUNTRY_6F78', 'COUNTRY_D5B9', 'COUNTRY_907E', 'COUNTRY_EA71', 'COUNTRY_89F9', 'COUNTRY_B6AE', 'COUNTRY_445D', 'COUNTRY_A67D', 'COUNTRY_06E4', 'COUNTRY_D8B0', 'COUNTRY_5180', 'COUNTRY_6B71', 'COUNTRY_1007', 'COUNTRY_4242', 'COUNTRY_4D48'}"
DRUG_ID_947E,"{'COUNTRY_89F9', 'COUNTRY_907E', 'COUNTRY_EA71'}"
DRUG_ID_94A5,{'COUNTRY_221C'}
DRUG_ID_957C,"{'COUNTRY_89F9', 'COUNTRY_D8B0', 'COUNTRY_1007'}"
DRUG_ID_97F6,"{'COUNTRY_6C16', 'COUNTRY_907E', 'COUNTRY_0309', 'COUNTRY_EA71', 'COUNTRY_445D', 'COUNTRY_A67D', 'COUNTRY_06E4', 'COUNTRY_53A5', 'COUNTRY_D8B0', 'COUNTRY_5180', 'COUNTRY_1007'}"
DRUG_ID_98D8,"{'COUNTRY_907E', 'COUNTRY_0309', 'COUNTRY_3F0E', 'COUNTRY_89F9', 'COUNTRY_88A3', 'COUNTRY_445D', 'COUNTRY_221C', 'COUNTRY_4442', 'COUNTRY_06E4', 'COUNTRY_D8B0', 'COUNTRY_3536', 'COUNTRY_8B47', 'COUNTRY_1007', 'COUNTRY_4D48'}"
DRUG_ID_98E4,"{'COUNTRY_0C7D', 'COUNTRY_B835', 'COUNTRY_AE54', 'COUNTRY_221C', 'COUNTRY_E319', 'COUNTRY_6B71'}"
DRUG_ID_9ACD,"{'COUNTRY_9891', 'COUNTRY_6F78'}"
DRUG_ID_9CC9,{'COUNTRY_3536'}
DRUG_ID_9F8F,"{'COUNTRY_445D', 'COUNTRY_4D48', 'COUNTRY_3AD0', 'COUNTRY_53A5'}"
DRUG_ID_A22C,{'COUNTRY_221C'}
DRUG_ID_A347,{'COUNTRY_7D31'}
DRUG_ID_A3F0,"{'COUNTRY_89F9', 'COUNTRY_221C', 'COUNTRY_06E4', 'COUNTRY_1007', 'COUNTRY_4242', 'COUNTRY_B835', 'COUNTRY_9891', 'COUNTRY_EA71', 'COUNTRY_3AD0', 'COUNTRY_B6AE', 'COUNTRY_FA79', 'COUNTRY_D8B0', 'COUNTRY_D5B9', 'COUNTRY_6F78', 'COUNTRY_907E', 'COUNTRY_4442', 'COUNTRY_4253', 'COUNTRY_C8F4', 'COUNTRY_53A5'}"
DRUG_ID_A56F,"{'COUNTRY_6C16', 'COUNTRY_907E', 'COUNTRY_0309', 'COUNTRY_AE54', 'COUNTRY_EF33', 'COUNTRY_EA71', 'COUNTRY_89F9', 'COUNTRY_88A3', 'COUNTRY_445D', 'COUNTRY_A67D', 'COUNTRY_4442', 'COUNTRY_C51E', 'COUNTRY_D8B0', 'COUNTRY_5180', 'COUNTRY_1007'}"
DRUG_ID_A5ED,"{'COUNTRY_D5B9', 'COUNTRY_907E', 'COUNTRY_9891', 'COUNTRY_3AD0', 'COUNTRY_B6AE', 'COUNTRY_445D', 'COUNTRY_4442', 'COUNTRY_D8B0', 'COUNTRY_1007'}"
DRUG_ID_A7D8,"{'COUNTRY_C89B', 'COUNTRY_2E65'}"
DRUG_ID_A82E,{'COUNTRY_5A54'}
DRUG_ID_A844,{'COUNTRY_53A5'}
DRUG_ID_A874,"{'COUNTRY_6C16', 'COUNTRY_D5B9', 'COUNTRY_6F78', 'COUNTRY_907E', 'COUNTRY_0309', 'COUNTRY_9891', 'COUNTRY_3AD0', 'COUNTRY_4253', 'COUNTRY_89F9', 'COUNTRY_88A3', 'COUNTRY_445D', 'COUNTRY_06E4', 'COUNTRY_5180', 'COUNTRY_1007', 'COUNTRY_4242'}"
DRUG_ID_AA88,"{'COUNTRY_D5B9', 'COUNTRY_6F78', 'COUNTRY_907E', 'COUNTRY_9891', 'COUNTRY_EA71', 'COUNTRY_3AD0', 'COUNTRY_89F9', 'COUNTRY_C8F4', 'COUNTRY_8DBB', 'COUNTRY_B6AE', 'COUNTRY_4442', 'COUNTRY_06E4', 'COUNTRY_53A5', 'COUNTRY_D8B0', 'COUNTRY_4242'}"
DRUG_ID_AAA8,{'COUNTRY_2E65'}
DRUG_ID_AAE8,"{'COUNTRY_D8B0', 'COUNTRY_6B71', 'COUNTRY_1007', 'COUNTRY_0309'}"
DRUG_ID_AB4A,{'COUNTRY_4647'}
DRUG_ID_AECD,{'COUNTRY_445D'}
DRUG_ID_AEE7,"{'COUNTRY_0C7D', 'COUNTRY_D5B9', 'COUNTRY_0309', 'COUNTRY_9891', 'COUNTRY_3AD0', 'COUNTRY_B6AE', 'COUNTRY_89F9', 'COUNTRY_445D', 'COUNTRY_C8F4', 'COUNTRY_FA79', 'COUNTRY_5FEB', 'COUNTRY_53A5', 'COUNTRY_D8B0', 'COUNTRY_E319', 'COUNTRY_1007'}"
DRUG_ID_AF8B,"{'COUNTRY_0C7D', 'COUNTRY_D5B9', 'COUNTRY_6F78', 'COUNTRY_907E', 'COUNTRY_9891', 'COUNTRY_89F9', 'COUNTRY_88A3', 'COUNTRY_FA79', 'COUNTRY_53A5', 'COUNTRY_D8B0', 'COUNTRY_5180'}"
DRUG_ID_B028,{'COUNTRY_5FEB'}
DRUG_ID_B050,"{'COUNTRY_4253', 'COUNTRY_3AD0', 'COUNTRY_53A5', 'COUNTRY_D8B0', 'COUNTRY_5180', 'COUNTRY_4242'}"
DRUG_ID_B07D,"{'COUNTRY_0C7D', 'COUNTRY_0309', 'COUNTRY_89F9', 'COUNTRY_06E4', 'COUNTRY_5180', 'COUNTRY_1007', 'COUNTRY_4242', 'COUNTRY_6C16', 'COUNTRY_9891', 'COUNTRY_3AD0', 'COUNTRY_B6AE', 'COUNTRY_D8B0', 'COUNTRY_6F78', 'COUNTRY_907E', 'COUNTRY_A67D', 'COUNTRY_4442', 'COUNTRY_4253', 'COUNTRY_C8F4', 'COUNTRY_445D', 'COUNTRY_5FEB', 'COUNTRY_53A5'}"
DRUG_ID_B0AD,"{'COUNTRY_2E65', 'COUNTRY_907E', 'COUNTRY_445D', 'COUNTRY_D8B0', 'COUNTRY_C89B', 'COUNTRY_84C8'}"
DRUG_ID_B0E9,"{'COUNTRY_9488', 'COUNTRY_0309', 'COUNTRY_9891', 'COUNTRY_EA71', 'COUNTRY_89F9', 'COUNTRY_C8F4', 'COUNTRY_445D', 'COUNTRY_A67D', 'COUNTRY_FA79', 'COUNTRY_06E4', 'COUNTRY_221C', 'COUNTRY_53A5', 'COUNTRY_D8B0', 'COUNTRY_5180', 'COUNTRY_4242'}"
DRUG_ID_B15F,"{'COUNTRY_2E65', 'COUNTRY_89F9', 'COUNTRY_88A3', 'COUNTRY_221C', 'COUNTRY_06E4', 'COUNTRY_5180', 'COUNTRY_6B71', 'COUNTRY_1007', 'COUNTRY_4242', 'COUNTRY_6C16', 'COUNTRY_B835', 'COUNTRY_AE54', 'COUNTRY_EF33', 'COUNTRY_3AD0', 'COUNTRY_B6AE', 'COUNTRY_FA79', 'COUNTRY_C51E', 'COUNTRY_D8B0', 'COUNTRY_3536', 'COUNTRY_C89B', 'COUNTRY_D5B9', 'COUNTRY_6F78', 'COUNTRY_907E', 'COUNTRY_8DBB', 'COUNTRY_4442', 'COUNTRY_E319', 'COUNTRY_4D48', 'COUNTRY_9488', 'COUNTRY_4253', 'COUNTRY_445D', 'COUNTRY_5FEB', 'COUNTRY_53A5', 'COUNTRY_84C8'}"
DRUG_ID_B194,"{'COUNTRY_D5B9', 'COUNTRY_6F78', 'COUNTRY_0309', 'COUNTRY_9891', 'COUNTRY_89F9', 'COUNTRY_06E4', 'COUNTRY_D8B0', 'COUNTRY_4242'}"
DRUG_ID_B1AD,"{'COUNTRY_D8B0', 'COUNTRY_6F78', 'COUNTRY_1007', 'COUNTRY_EA71'}"
DRUG_ID_B236,{'COUNTRY_B6AE'}
DRUG_ID_B24A,{'COUNTRY_53A5'}
DRUG_ID_B2B0,"{'COUNTRY_9488', 'COUNTRY_0C7D', 'COUNTRY_B835', 'COUNTRY_9891', 'COUNTRY_EA71', 'COUNTRY_221C', 'COUNTRY_5180', 'COUNTRY_84C8'}"
DRUG_ID_B33A,"{'COUNTRY_0C7D', 'COUNTRY_B835', 'COUNTRY_3AD0', 'COUNTRY_4253', 'COUNTRY_B6AE', 'COUNTRY_8DBB', 'COUNTRY_445D', 'COUNTRY_FA79', 'COUNTRY_221C', 'COUNTRY_88A3', 'COUNTRY_1007', 'COUNTRY_4D48'}"
DRUG_ID_B4D3,"{'COUNTRY_0C7D', 'COUNTRY_0309', 'COUNTRY_88A3', 'COUNTRY_221C', 'COUNTRY_06E4', 'COUNTRY_1007', 'COUNTRY_4242', 'COUNTRY_6C16', 'COUNTRY_B835', 'COUNTRY_AE54', 'COUNTRY_9891', 'COUNTRY_3AD0', 'COUNTRY_B6AE', 'COUNTRY_FA79', 'COUNTRY_D8B0', 'COUNTRY_6F78', 'COUNTRY_907E', 'COUNTRY_8DBB', 'COUNTRY_A67D', 'COUNTRY_4442', 'COUNTRY_4253', 'COUNTRY_445D', 'COUNTRY_53A5'}"
DRUG_ID_B628,"{'COUNTRY_9488', 'COUNTRY_89F9', 'COUNTRY_FA79', 'COUNTRY_A67D', 'COUNTRY_53A5', 'COUNTRY_1007'}"
DRUG_ID_B633,"{'COUNTRY_0C7D', 'COUNTRY_2E65', 'COUNTRY_89F9', 'COUNTRY_88A3', 'COUNTRY_221C', 'COUNTRY_06E4', 'COUNTRY_5180', 'COUNTRY_6B71', 'COUNTRY_1007', 'COUNTRY_6C16', 'COUNTRY_B835', 'COUNTRY_AE54', 'COUNTRY_EF33', 'COUNTRY_9891', 'COUNTRY_3AD0', 'COUNTRY_B6AE', 'COUNTRY_3536', 'COUNTRY_C89B', 'COUNTRY_D5B9', 'COUNTRY_6F78', 'COUNTRY_907E', 'COUNTRY_8DBB', 'COUNTRY_A67D', 'COUNTRY_4442', 'COUNTRY_E319', 'COUNTRY_4D48', 'COUNTRY_4253', 'COUNTRY_445D', 'COUNTRY_5FEB', 'COUNTRY_53A5', 'COUNTRY_84C8'}"
DRUG_ID_B7E2,"{'COUNTRY_0C7D', 'COUNTRY_0309', 'COUNTRY_89F9', 'COUNTRY_221C', 'COUNTRY_06E4', 'COUNTRY_1007', 'COUNTRY_4242', 'COUNTRY_9891', 'COUNTRY_EA71', 'COUNTRY_B6AE', 'COUNTRY_FA79', 'COUNTRY_C89B', 'COUNTRY_6F78', 'COUNTRY_D5B9', 'COUNTRY_907E', 'COUNTRY_8DBB', 'COUNTRY_A67D', 'COUNTRY_4253', 'COUNTRY_C8F4', 'COUNTRY_445D', 'COUNTRY_5FEB', 'COUNTRY_53A5'}"
DRUG_ID_B8A8,"{'COUNTRY_0C7D', 'COUNTRY_0309', 'COUNTRY_89F9', 'COUNTRY_221C', 'COUNTRY_06E4', 'COUNTRY_5180', 'COUNTRY_1007', 'COUNTRY_4242', 'COUNTRY_B835', 'COUNTRY_AE54', 'COUNTRY_9891', 'COUNTRY_EA71', 'COUNTRY_3AD0', 'COUNTRY_B6AE', 'COUNTRY_C51E', 'COUNTRY_D8B0', 'COUNTRY_6F78', 'COUNTRY_907E', 'COUNTRY_8DBB', 'COUNTRY_4442', 'COUNTRY_E319', 'COUNTRY_9488', 'COUNTRY_4253', 'COUNTRY_C8F4', 'COUNTRY_445D', 'COUNTRY_5FEB', 'COUNTRY_53A5'}"
DRUG_ID_B8BC,"{'COUNTRY_6F78', 'COUNTRY_907E', 'COUNTRY_EA71', 'COUNTRY_3AD0', 'COUNTRY_B6AE', 'COUNTRY_445D', 'COUNTRY_4442', 'COUNTRY_53A5', 'COUNTRY_E319', 'COUNTRY_5180', 'COUNTRY_6B71', 'COUNTRY_1007', 'COUNTRY_4242', 'COUNTRY_4D48'}"
DRUG_ID_B980,"{'COUNTRY_0C7D', 'COUNTRY_907E', 'COUNTRY_0309', 'COUNTRY_FA79', 'COUNTRY_06E4', 'COUNTRY_C89B', 'COUNTRY_1007'}"
DRUG_ID_B9AF,"{'COUNTRY_0C7D', 'COUNTRY_0309', 'COUNTRY_89F9', 'COUNTRY_88A3', 'COUNTRY_06E4', 'COUNTRY_5180', 'COUNTRY_4242', 'COUNTRY_6C16', 'COUNTRY_B835', 'COUNTRY_9891', 'COUNTRY_3AD0', 'COUNTRY_B6AE', 'COUNTRY_FA79', 'COUNTRY_D8B0', 'COUNTRY_D5B9', 'COUNTRY_907E', 'COUNTRY_8DBB', 'COUNTRY_A67D', 'COUNTRY_4442', 'COUNTRY_E319', 'COUNTRY_4D48', 'COUNTRY_C8F4', 'COUNTRY_53A5', 'COUNTRY_84C8'}"
DRUG_ID_BBEC,"{'COUNTRY_9488', 'COUNTRY_907E', 'COUNTRY_0309', 'COUNTRY_9891', 'COUNTRY_89F9', 'COUNTRY_C8F4', 'COUNTRY_88A3', 'COUNTRY_445D', 'COUNTRY_FA79', 'COUNTRY_06E4', 'COUNTRY_53A5', 'COUNTRY_D8B0', 'COUNTRY_5180', 'COUNTRY_1007', 'COUNTRY_4242', 'COUNTRY_4D48'}"
DRUG_ID_BCFF,"{'COUNTRY_0C7D', 'COUNTRY_907E', 'COUNTRY_0309', 'COUNTRY_EA71', 'COUNTRY_89F9', 'COUNTRY_8DBB', 'COUNTRY_53A5', 'COUNTRY_1007', 'COUNTRY_4D48'}"
DRUG_ID_BD35,"{'COUNTRY_2E65', 'COUNTRY_0309', 'COUNTRY_89F9', 'COUNTRY_88A3', 'COUNTRY_221C', 'COUNTRY_1007', 'COUNTRY_4242', 'COUNTRY_6C16', 'COUNTRY_AE54', 'COUNTRY_9891', 'COUNTRY_EA71', 'COUNTRY_3AD0', 'COUNTRY_B6AE', 'COUNTRY_FA79', 'COUNTRY_C51E', 'COUNTRY_D8B0', 'COUNTRY_C89B', 'COUNTRY_D5B9', 'COUNTRY_907E', 'COUNTRY_8DBB', 'COUNTRY_4D48', 'COUNTRY_445D'}"
DRUG_ID_BE19,"{'COUNTRY_9488', 'COUNTRY_5FEB', 'COUNTRY_EA71'}"
DRUG_ID_BE46,"{'COUNTRY_0C7D', 'COUNTRY_2E65', 'COUNTRY_0309', 'COUNTRY_89F9', 'COUNTRY_88A3', 'COUNTRY_06E4', 'COUNTRY_5180', 'COUNTRY_6B71', 'COUNTRY_1007', 'COUNTRY_4242', 'COUNTRY_6C16', 'COUNTRY_9891', 'COUNTRY_3AD0', 'COUNTRY_FA79', 'COUNTRY_C51E', 'COUNTRY_D8B0', 'COUNTRY_3536', 'COUNTRY_D5B9', 'COUNTRY_6F78', 'COUNTRY_907E', 'COUNTRY_8DBB', 'COUNTRY_A67D', 'COUNTRY_4442', 'COUNTRY_4D48', 'COUNTRY_9488', 'COUNTRY_445D', 'COUNTRY_5FEB', 'COUNTRY_53A5'}"
DRUG_ID_BE95,"{'COUNTRY_2E65', 'COUNTRY_0309', 'COUNTRY_3F0E', 'COUNTRY_5A54', 'COUNTRY_89F9', 'COUNTRY_88A3', 'COUNTRY_221C', 'COUNTRY_5180', 'COUNTRY_8B47', 'COUNTRY_6B71', 'COUNTRY_1007', 'COUNTRY_4242', 'COUNTRY_6C16', 'COUNTRY_458E', 'COUNTRY_EF33', 'COUNTRY_9891', 'COUNTRY_3AD0', 'COUNTRY_FA79', 'COUNTRY_D8B0', 'COUNTRY_3536', 'COUNTRY_C89B', 'COUNTRY_907E', 'COUNTRY_A67D', 'COUNTRY_4442', 'COUNTRY_E319', 'COUNTRY_4D48', 'COUNTRY_9488', 'COUNTRY_4253', 'COUNTRY_C8F4', 'COUNTRY_445D', 'COUNTRY_1033', 'COUNTRY_84C8'}"
DRUG_ID_BF8E,{'COUNTRY_AE54'}
DRUG_ID_C242,"{'COUNTRY_3536', 'COUNTRY_84C8', 'COUNTRY_4242'}"
DRUG_ID_C25F,"{'COUNTRY_D8B0', 'COUNTRY_907E', 'COUNTRY_7D31'}"
DRUG_ID_C291,{'COUNTRY_AE54'}
DRUG_ID_C2AD,"{'COUNTRY_C51E', 'COUNTRY_E319', 'COUNTRY_0C7D', 'COUNTRY_53A5'}"
DRUG_ID_C416,"{'COUNTRY_907E', 'COUNTRY_3AD0', 'COUNTRY_89F9', 'COUNTRY_B6AE', 'COUNTRY_FA79', 'COUNTRY_06E4', 'COUNTRY_D8B0', 'COUNTRY_5180', 'COUNTRY_1007', 'COUNTRY_4242'}"
DRUG_ID_C48E,"{'COUNTRY_5A54', 'COUNTRY_4253', 'COUNTRY_3AD0', 'COUNTRY_53A5', 'COUNTRY_8B47', 'COUNTRY_7D31'}"
DRUG_ID_C4C0,{'COUNTRY_4442'}
DRUG_ID_C604,{'COUNTRY_3536'}
DRUG_ID_C629,"{'COUNTRY_907E', 'COUNTRY_0309', 'COUNTRY_3AD0', 'COUNTRY_89F9', 'COUNTRY_445D', 'COUNTRY_FA79', 'COUNTRY_5FEB', 'COUNTRY_53A5', 'COUNTRY_D8B0', 'COUNTRY_5180', 'COUNTRY_1007'}"
DRUG_ID_C6BA,"{'COUNTRY_9488', 'COUNTRY_0C7D', 'COUNTRY_907E', 'COUNTRY_0309', 'COUNTRY_89F9', 'COUNTRY_FA79', 'COUNTRY_A67D', 'COUNTRY_06E4', 'COUNTRY_53A5', 'COUNTRY_D8B0', 'COUNTRY_5180', 'COUNTRY_1007', 'COUNTRY_4242'}"
DRUG_ID_C6D4,"{'COUNTRY_6C16', 'COUNTRY_907E', 'COUNTRY_0309', 'COUNTRY_9891', 'COUNTRY_3AD0', 'COUNTRY_88A3', 'COUNTRY_A67D', 'COUNTRY_06E4', 'COUNTRY_53A5', 'COUNTRY_D8B0', 'COUNTRY_5180', 'COUNTRY_8B47', 'COUNTRY_4D48'}"
DRUG_ID_C7D2,{'COUNTRY_B835'}
DRUG_ID_C7FD,{'COUNTRY_445D'}
DRUG_ID_C901,{'COUNTRY_53A5'}
DRUG_ID_C94D,"{'COUNTRY_6C16', 'COUNTRY_D5B9', 'COUNTRY_907E', 'COUNTRY_0309', 'COUNTRY_3AD0', 'COUNTRY_89F9', 'COUNTRY_B6AE', 'COUNTRY_445D', 'COUNTRY_4442', 'COUNTRY_06E4', 'COUNTRY_D8B0', 'COUNTRY_C89B', 'COUNTRY_6B71', 'COUNTRY_1007', 'COUNTRY_4242'}"
DRUG_ID_CC22,"{'COUNTRY_B6AE', 'COUNTRY_5FEB', 'COUNTRY_445D', 'COUNTRY_4253'}"
DRUG_ID_CD18,"{'COUNTRY_2E65', 'COUNTRY_0309', 'COUNTRY_88A3', 'COUNTRY_06E4', 'COUNTRY_5180', 'COUNTRY_6B71', 'COUNTRY_1007', 'COUNTRY_4242', 'COUNTRY_3AD0', 'COUNTRY_FA79', 'COUNTRY_C51E', 'COUNTRY_D8B0', 'COUNTRY_3536', 'COUNTRY_D5B9', 'COUNTRY_6F78', 'COUNTRY_907E', 'COUNTRY_8DBB', 'COUNTRY_4442', 'COUNTRY_4D48', 'COUNTRY_4253', 'COUNTRY_445D', 'COUNTRY_53A5'}"
DRUG_ID_CD87,"{'COUNTRY_2E65', 'COUNTRY_88A3', 'COUNTRY_06E4', 'COUNTRY_5180', 'COUNTRY_6B71', 'COUNTRY_1007', 'COUNTRY_4242', 'COUNTRY_6C16', 'COUNTRY_B835', 'COUNTRY_EF33', 'COUNTRY_9891', 'COUNTRY_3AD0', 'COUNTRY_B6AE', 'COUNTRY_D8B0', 'COUNTRY_3536', 'COUNTRY_D5B9', 'COUNTRY_907E', 'COUNTRY_8DBB', 'COUNTRY_4442', 'COUNTRY_4D48', 'COUNTRY_9488', 'COUNTRY_4253', 'COUNTRY_445D', 'COUNTRY_84C8'}"
DRUG_ID_CDD9,{'COUNTRY_53A5'}
DRUG_ID_CE49,"{'COUNTRY_6C16', 'COUNTRY_D5B9', 'COUNTRY_907E', 'COUNTRY_0309', 'COUNTRY_EA71', 'COUNTRY_3AD0', 'COUNTRY_8DBB', 'COUNTRY_88A3', 'COUNTRY_B6AE', 'COUNTRY_4442', 'COUNTRY_06E4', 'COUNTRY_53A5', 'COUNTRY_D8B0', 'COUNTRY_5180', 'COUNTRY_6B71', 'COUNTRY_4242', 'COUNTRY_4D48'}"
DRUG_ID_D235,"{'COUNTRY_3AD0', 'COUNTRY_445D', 'COUNTRY_FA79', 'COUNTRY_5180', 'COUNTRY_6B71', 'COUNTRY_4242'}"
DRUG_ID_D407,"{'COUNTRY_2E65', 'COUNTRY_88A3', 'COUNTRY_06E4', 'COUNTRY_5180', 'COUNTRY_6B71', 'COUNTRY_1007', 'COUNTRY_4242', 'COUNTRY_6C16', 'COUNTRY_B835', 'COUNTRY_9891', 'COUNTRY_3AD0', 'COUNTRY_B6AE', 'COUNTRY_FA79', 'COUNTRY_3536', 'COUNTRY_D5B9', 'COUNTRY_6F78', 'COUNTRY_907E', 'COUNTRY_8DBB', 'COUNTRY_4442', 'COUNTRY_4D48', 'COUNTRY_445D', 'COUNTRY_84C8'}"
DRUG_ID_D450,{'COUNTRY_8DBB'}
DRUG_ID_D4C6,"{'COUNTRY_3AD0', 'COUNTRY_4253', 'COUNTRY_8DBB', 'COUNTRY_B6AE', 'COUNTRY_445D', 'COUNTRY_221C', 'COUNTRY_53A5', 'COUNTRY_4D48'}"
DRUG_ID_D5FC,"{'COUNTRY_6F78', 'COUNTRY_D5B9', 'COUNTRY_907E', 'COUNTRY_9891', 'COUNTRY_3AD0', 'COUNTRY_89F9', 'COUNTRY_B6AE', 'COUNTRY_FA79', 'COUNTRY_4442', 'COUNTRY_06E4', 'COUNTRY_4242', 'COUNTRY_4D48'}"
DRUG_ID_D637,"{'COUNTRY_77DA', 'COUNTRY_0C7D', 'COUNTRY_2E65', 'COUNTRY_0309', 'COUNTRY_3F0E', 'COUNTRY_5A54', 'COUNTRY_89F9', 'COUNTRY_88A3', 'COUNTRY_221C', 'COUNTRY_06E4', 'COUNTRY_5180', 'COUNTRY_8B47', 'COUNTRY_6B71', 'COUNTRY_1007', 'COUNTRY_6C16', 'COUNTRY_458E', 'COUNTRY_B835', 'COUNTRY_AE54', 'COUNTRY_EF33', 'COUNTRY_9891', 'COUNTRY_EA71', 'COUNTRY_3AD0', 'COUNTRY_B6AE', 'COUNTRY_FA79', 'COUNTRY_C51E', 'COUNTRY_D8B0', 'COUNTRY_C89B', 'COUNTRY_D5B9', 'COUNTRY_6F78', 'COUNTRY_907E', 'COUNTRY_F78A', 'COUNTRY_8DBB', 'COUNTRY_A67D', 'COUNTRY_4442', 'COUNTRY_4647', 'COUNTRY_E319', 'COUNTRY_4D48', 'COUNTRY_9488', 'COUNTRY_4253', 'COUNTRY_C8F4', 'COUNTRY_445D', 'COUNTRY_1033', 'COUNTRY_4D5D', 'COUNTRY_84C8', 'COUNTRY_7D31'}"
DRUG_ID_D6F0,"{'COUNTRY_6F78', 'COUNTRY_4242'}"
DRUG_ID_D8C3,"{'COUNTRY_89F9', 'COUNTRY_221C', 'COUNTRY_06E4', 'COUNTRY_5180', 'COUNTRY_1007', 'COUNTRY_4242', 'COUNTRY_B835', 'COUNTRY_9891', 'COUNTRY_EA71', 'COUNTRY_3AD0', 'COUNTRY_B6AE', 'COUNTRY_FA79', 'COUNTRY_D8B0', 'COUNTRY_6F78', 'COUNTRY_D5B9', 'COUNTRY_907E', 'COUNTRY_A67D', 'COUNTRY_4442', 'COUNTRY_4253', 'COUNTRY_C8F4', 'COUNTRY_445D', 'COUNTRY_53A5'}"
DRUG_ID_DBDF,{'COUNTRY_53A5'}
DRUG_ID_DBE1,{'COUNTRY_53A5'}
DRUG_ID_DD95,{'COUNTRY_84C8'}
DRUG_ID_E07F,"{'COUNTRY_2E65', 'COUNTRY_0309', 'COUNTRY_89F9', 'COUNTRY_88A3', 'COUNTRY_06E4', 'COUNTRY_5180', 'COUNTRY_8B47', 'COUNTRY_6B71', 'COUNTRY_1007', 'COUNTRY_6C16', 'COUNTRY_9891', 'COUNTRY_EA71', 'COUNTRY_3AD0', 'COUNTRY_C51E', 'COUNTRY_C89B', 'COUNTRY_3536', 'COUNTRY_907E', 'COUNTRY_E319', 'COUNTRY_C8F4', 'COUNTRY_5FEB', 'COUNTRY_1033', 'COUNTRY_7D31'}"
DRUG_ID_E0BD,{'COUNTRY_53A5'}
DRUG_ID_E0F1,{'COUNTRY_9891'}
DRUG_ID_E219,"{'COUNTRY_2E65', 'COUNTRY_06E4', 'COUNTRY_5180', 'COUNTRY_4242', 'COUNTRY_6C16', 'COUNTRY_B835', 'COUNTRY_AE54', 'COUNTRY_9891', 'COUNTRY_3AD0', 'COUNTRY_B6AE', 'COUNTRY_D8B0', 'COUNTRY_3536', 'COUNTRY_D5B9', 'COUNTRY_6F78', 'COUNTRY_907E', 'COUNTRY_8DBB', 'COUNTRY_9488', 'COUNTRY_4253', 'COUNTRY_445D', 'COUNTRY_53A5'}"
DRUG_ID_E2D5,"{'COUNTRY_6C16', 'COUNTRY_6F78', 'COUNTRY_907E', 'COUNTRY_0309', 'COUNTRY_3AD0', 'COUNTRY_88A3', 'COUNTRY_445D', 'COUNTRY_A67D', 'COUNTRY_53A5', 'COUNTRY_D8B0', 'COUNTRY_1007', 'COUNTRY_4242'}"
DRUG_ID_E2D9,"{'COUNTRY_0C7D', 'COUNTRY_AE54', 'COUNTRY_B6AE', 'COUNTRY_C89B', 'COUNTRY_5FEB', 'COUNTRY_4442', 'COUNTRY_E319', 'COUNTRY_6B71'}"
DRUG_ID_E354,{'COUNTRY_84C8'}
DRUG_ID_E359,"{'COUNTRY_C8F4', 'COUNTRY_6F78', 'COUNTRY_D5B9', 'COUNTRY_4242'}"
DRUG_ID_E360,{'COUNTRY_53A5'}
DRUG_ID_E66E,"{'COUNTRY_6C16', 'COUNTRY_77DA', 'COUNTRY_458E', 'COUNTRY_2E65', 'COUNTRY_B835', 'COUNTRY_EF33', 'COUNTRY_8B47', 'COUNTRY_4253', 'COUNTRY_221C', 'COUNTRY_1033', 'COUNTRY_4D48', 'COUNTRY_5180', 'COUNTRY_6B71', 'COUNTRY_7D31'}"
DRUG_ID_E73F,"{'COUNTRY_9488', 'COUNTRY_6F78', 'COUNTRY_907E', 'COUNTRY_0309', 'COUNTRY_9891', 'COUNTRY_3AD0', 'COUNTRY_89F9', 'COUNTRY_A67D', 'COUNTRY_06E4', 'COUNTRY_53A5', 'COUNTRY_D8B0', 'COUNTRY_4242'}"
DRUG_ID_E811,"{'COUNTRY_2E65', 'COUNTRY_B835', 'COUNTRY_8DBB', 'COUNTRY_B6AE', 'COUNTRY_5FEB'}"
DRUG_ID_E85F,"{'COUNTRY_9488', 'COUNTRY_0C7D', 'COUNTRY_AE54'}"
DRUG_ID_E8D6,{'COUNTRY_3AD0'}
DRUG_ID_E922,"{'COUNTRY_B835', 'COUNTRY_4442'}"
DRUG_ID_EC3A,"{'COUNTRY_6C16', 'COUNTRY_458E', 'COUNTRY_9891', 'COUNTRY_3AD0', 'COUNTRY_4442', 'COUNTRY_53A5', 'COUNTRY_D8B0'}"
DRUG_ID_EC56,"{'COUNTRY_4242', 'COUNTRY_4442', 'COUNTRY_3AD0', 'COUNTRY_907E'}"
DRUG_ID_ED15,"{'COUNTRY_6F78', 'COUNTRY_AE54', 'COUNTRY_9891', 'COUNTRY_3AD0', 'COUNTRY_4253', 'COUNTRY_89F9', 'COUNTRY_8DBB', 'COUNTRY_5FEB', 'COUNTRY_221C', 'COUNTRY_06E4', 'COUNTRY_53A5', 'COUNTRY_D8B0', 'COUNTRY_1007', 'COUNTRY_4242'}"
DRUG_ID_EE5B,"{'COUNTRY_D8B0', 'COUNTRY_89F9', 'COUNTRY_907E'}"
DRUG_ID_EEE7,"{'COUNTRY_2E65', 'COUNTRY_0309', 'COUNTRY_221C', 'COUNTRY_06E4', 'COUNTRY_5180', 'COUNTRY_6B71', 'COUNTRY_1007', 'COUNTRY_4242', 'COUNTRY_6C16', 'COUNTRY_B835', 'COUNTRY_EF33', 'COUNTRY_3AD0', 'COUNTRY_B6AE', 'COUNTRY_FA79', 'COUNTRY_C51E', 'COUNTRY_D8B0', 'COUNTRY_D5B9', 'COUNTRY_6F78', 'COUNTRY_907E', 'COUNTRY_8DBB', 'COUNTRY_4442', 'COUNTRY_4D48', 'COUNTRY_9488', 'COUNTRY_4253', 'COUNTRY_445D', 'COUNTRY_5FEB', 'COUNTRY_53A5'}"
DRUG_ID_EEEA,"{'COUNTRY_B6AE', 'COUNTRY_E319', 'COUNTRY_C51E', 'COUNTRY_3536'}"
DRUG_ID_F19A,"{'COUNTRY_8DBB', 'COUNTRY_221C'}"
DRUG_ID_F272,"{'COUNTRY_9488', 'COUNTRY_907E', 'COUNTRY_4253', 'COUNTRY_88A3', 'COUNTRY_5FEB', 'COUNTRY_FA79', 'COUNTRY_221C', 'COUNTRY_06E4', 'COUNTRY_4442', 'COUNTRY_E319', 'COUNTRY_5180'}"
DRUG_ID_F2B9,{'COUNTRY_53A5'}
DRUG_ID_F2CE,{'COUNTRY_1007'}
DRUG_ID_F358,"{'COUNTRY_6C16', 'COUNTRY_D5B9', 'COUNTRY_2E65', 'COUNTRY_907E', 'COUNTRY_9891', 'COUNTRY_3AD0', 'COUNTRY_89F9', 'COUNTRY_53A5', 'COUNTRY_D8B0', 'COUNTRY_1007', 'COUNTRY_4242', 'COUNTRY_4D48'}"
DRUG_ID_F3CA,"{'COUNTRY_B835', 'COUNTRY_907E', 'COUNTRY_0309', 'COUNTRY_9891', 'COUNTRY_3AD0', 'COUNTRY_4253', 'COUNTRY_89F9', 'COUNTRY_B6AE', 'COUNTRY_C8F4', 'COUNTRY_445D', 'COUNTRY_FA79', 'COUNTRY_53A5', 'COUNTRY_D8B0', 'COUNTRY_E319', 'COUNTRY_1007'}"
DRUG_ID_F41F,"{'COUNTRY_89F9', 'COUNTRY_0309'}"
DRUG_ID_F565,{'COUNTRY_89F9'}
DRUG_ID_F5E3,"{'COUNTRY_9488', 'COUNTRY_D5B9', 'COUNTRY_3AD0', 'COUNTRY_B6AE', 'COUNTRY_4442', 'COUNTRY_06E4', 'COUNTRY_D8B0'}"
DRUG_ID_F617,"{'COUNTRY_3AD0', 'COUNTRY_8DBB', 'COUNTRY_B6AE', 'COUNTRY_5FEB', 'COUNTRY_221C', 'COUNTRY_53A5', 'COUNTRY_C89B', 'COUNTRY_4242', 'COUNTRY_4D48'}"
DRUG_ID_F6C8,{'COUNTRY_53A5'}
DRUG_ID_F784,{'COUNTRY_445D'}
DRUG_ID_F7F9,"{'COUNTRY_221C', 'COUNTRY_4442'}"
DRUG_ID_F812,{'COUNTRY_84C8'}
DRUG_ID_F81B,"{'COUNTRY_EF33', 'COUNTRY_EA71', 'COUNTRY_3AD0', 'COUNTRY_8DBB', 'COUNTRY_88A3', 'COUNTRY_445D', 'COUNTRY_FA79', 'COUNTRY_89F9', 'COUNTRY_06E4', 'COUNTRY_4442', 'COUNTRY_53A5', 'COUNTRY_B6AE', 'COUNTRY_5180', 'COUNTRY_6B71', 'COUNTRY_4D48'}"
DRUG_ID_F923,"{'COUNTRY_0C7D', 'COUNTRY_D5B9', 'COUNTRY_3AD0', 'COUNTRY_89F9', 'COUNTRY_4442', 'COUNTRY_1007', 'COUNTRY_4242'}"
DRUG_ID_F978,"{'COUNTRY_0C7D', 'COUNTRY_6F78', 'COUNTRY_907E', 'COUNTRY_0309', 'COUNTRY_9891', 'COUNTRY_EA71', 'COUNTRY_3AD0', 'COUNTRY_4253', 'COUNTRY_8DBB', 'COUNTRY_C8F4', 'COUNTRY_445D', 'COUNTRY_221C', 'COUNTRY_4442', 'COUNTRY_06E4', 'COUNTRY_C51E', 'COUNTRY_B6AE', 'COUNTRY_D8B0', 'COUNTRY_1007'}"
DRUG_ID_FADD,"{'COUNTRY_6C16', 'COUNTRY_0C7D', 'COUNTRY_D5B9', 'COUNTRY_6F78', 'COUNTRY_458E', 'COUNTRY_0309', 'COUNTRY_9891', 'COUNTRY_EA71', 'COUNTRY_3AD0', 'COUNTRY_C8F4', 'COUNTRY_88A3', 'COUNTRY_06E4', 'COUNTRY_53A5', 'COUNTRY_D8B0', 'COUNTRY_5180', 'COUNTRY_4242', 'COUNTRY_4D48'}"
DRUG_ID_FAE7,{'COUNTRY_53A5'}
DRUG_ID_FD54,"{'COUNTRY_B6AE', 'COUNTRY_5FEB', 'COUNTRY_4D48'}"
DRUG_ID_FD89,{'COUNTRY_1033'}
DRUG_ID_FDD8,"{'COUNTRY_0C7D', 'COUNTRY_AE54', 'COUNTRY_4253', 'COUNTRY_221C', 'COUNTRY_C89B'}"
